,subreddit
147,1
195,1
134,1
212,0
210,0
222,1
100,0
146,1
229,0
157,0
72,1
27,0
9,0
54,1
73,1
182,1
144,1
64,0
197,0
232,1
47,1
11,0
233,0
142,1
8,0
145,0
169,0
198,1
200,0
53,1
88,1
136,1
27,0
211,0
46,0
214,1
243,0
99,0
217,1
71,1
243,0
85,0
101,0
100,0
29,1
217,0
234,1
5,0
199,1
10,1
151,1
187,1
97,0
161,1
18,1
169,1
134,1
11,1
8,1
60,1
90,1
91,1
53,0
53,0
87,1
90,0
108,0
4,1
217,0
177,0
30,1
142,0
210,1
96,0
156,1
152,1
34,1
123,0
46,0
90,0
146,0
66,1
48,0
68,1
136,1
176,0
93,0
116,0
163,0
24,0
135,0
106,0
64,0
45,0
203,0
2,1
7,0
24,1
162,0
109,1
126,1
94,1
202,0
235,0
61,1
175,0
233,1
225,0
42,0
81,0
103,1
9,1
248,1
167,0
164,0
232,1
96,1
231,0
110,0
25,1
227,0
15,0
246,1
3,0
143,0
23,1
160,0
77,1
185,1
4,0
224,0
85,1
146,1
206,1
124,0
136,0
49,0
226,1
246,0
1,1
192,1
102,0
207,0
238,0
205,0
58,1
43,0
109,0
115,0
42,1
75,1
211,0
0,1
114,1
157,1
187,1
21,1
36,1
162,1
86,0
165,1
222,1
65,0
236,1
247,1
105,1
207,1
104,1
100,1
222,1
243,1
161,0
209,1
235,0
62,0
230,1
140,0
59,1
103,0
160,1
197,1
26,1
56,0
165,1
180,0
27,0
19,0
114,1
215,0
215,1
16,0
67,1
208,1
215,1
150,1
224,0
163,0
38,1
78,0
44,0
96,0
6,0
4,0
71,0
219,0
45,0
98,1
142,0
195,0
175,1
190,1
244,0
201,0
127,0
143,1
195,1
96,0
162,1
133,0
131,1
74,1
52,1
215,0
196,0
242,0
147,1
66,1
44,1
156,0
35,1
154,1
244,0
79,1
122,1
220,0
195,1
203,0
61,1
79,0
242,1
104,1
83,1
44,0
186,1
118,1
166,1
36,0
243,1
160,0
28,0
23,1
190,1
228,0
118,1
189,1
143,0
36,1
162,1
44,1
232,1
219,1
56,1
189,1
30,0
73,1
237,0
94,1
89,1
75,0
160,1
38,0
37,1
149,1
49,0
170,0
101,0
228,1
176,1
160,1
194,0
7,0
85,1
193,0
25,0
84,1
132,1
172,0
228,1
221,0
211,1
70,1
92,0
145,1
175,1
138,0
170,0
228,1
225,1
99,1
93,1
59,0
173,0
9,1
219,1
1,1
179,1
183,0
171,0
202,0
148,1
60,1
7,1
225,1
87,1
174,0
221,1
176,0
192,1
7,0
1,0
67,1
52,1
43,0
56,1
81,1
172,0
161,1
113,0
246,1
18,1
181,1
224,0
107,1
63,0
158,1
114,0
181,1
230,1
76,1
76,1
103,0
245,0
100,0
83,0
86,1
116,1
187,0
24,0
214,0
174,0
230,0
127,0
30,0
242,1
1,0
171,1
156,1
101,0
128,1
80,1
87,1
152,0
183,1
98,0
93,0
110,1
30,1
31,1
242,0
129,0
236,1
86,0
87,0
108,1
209,1
124,0
192,0
98,1
226,0
122,0
184,1
15,1
226,1
126,0
30,1
69,1
191,0
160,0
12,0
191,1
242,0
58,0
154,1
121,1
184,1
179,0
141,1
186,1
162,1
154,1
230,0
37,0
57,0
116,1
90,1
200,1
160,0
175,0
60,1
126,0
3,1
86,1
69,1
20,0
143,1
137,1
214,0
26,0
116,0
184,1
245,0
62,0
43,0
167,0
79,1
2,0
199,1
181,0
61,0
238,0
91,1
170,0
246,1
97,0
25,1
155,1
201,1
70,1
151,0
110,0
56,0
233,0
97,1
9,1
30,1
192,0
213,1
64,1
50,1
161,0
155,1
246,0
102,0
129,1
111,1
153,1
33,0
121,0
45,1
62,1
6,0
212,1
48,1
129,1
71,0
146,1
7,1
144,1
110,0
182,0
215,0
52,0
107,0
179,0
178,0
234,0
67,0
63,0
175,1
146,0
61,0
232,1
178,0
203,1
120,0
238,0
104,0
100,1
82,1
18,1
35,0
165,0
244,1
51,1
152,1
77,1
118,1
125,1
233,0
193,0
126,1
15,1
198,0
164,1
2,1
50,1
95,0
54,0
139,1
56,1
216,1
30,1
212,0
228,0
67,0
112,0
11,0
29,0
33,1
104,0
164,0
93,0
18,0
177,1
4,1
72,1
22,1
70,0
150,0
10,1
172,0
216,0
247,0
16,0
132,0
24,1
133,0
133,0
35,0
232,0
81,0
37,1
161,0
39,1
16,1
242,0
68,0
177,0
181,1
57,1
192,1
109,0
171,0
168,0
13,1
149,1
144,0
222,0
166,0
108,1
92,0
225,0
200,1
172,0
201,0
0,0
217,0
59,1
230,1
18,0
103,1
184,0
102,0
229,0
131,0
209,0
175,1
124,1
237,0
5,0
237,0
139,1
110,0
102,0
98,1
170,0
163,0
2,0
161,0
49,0
223,1
238,1
134,0
195,0
237,0
28,1
7,0
219,0
163,1
52,1
143,1
212,0
233,0
30,0
50,1
93,1
187,0
0,0
214,0
70,1
212,1
166,0
58,0
107,0
177,0
53,1
160,0
232,0
143,0
45,1
72,0
110,1
68,0
214,0
132,1
87,0
95,0
196,1
77,0
36,0
175,1
187,1
133,1
152,1
36,0
171,0
152,1
22,0
208,1
239,0
36,0
129,0
28,0
240,0
40,1
195,1
27,0
131,1
12,0
177,1
202,1
175,1
237,0
176,0
49,1
74,0
226,1
91,0
120,1
165,0
236,1
236,0
124,1
55,0
33,1
5,1
156,0
199,1
171,0
135,0
200,1
76,1
172,1
97,0
65,1
10,0
224,0
23,0
113,0
91,0
126,0
246,1
167,1
34,0
61,1
186,0
11,0
80,0
173,0
152,1
162,1
163,1
14,0
114,1
166,1
47,1
216,1
214,0
33,0
84,1
28,1
128,0
39,1
246,0
23,1
25,1
122,0
83,0
204,0
27,1
120,1
138,1
15,1
217,1
75,1
19,1
231,0
181,0
44,1
164,0
85,1
124,1
211,1
78,1
3,1
6,0
213,1
207,1
99,1
249,0
181,0
44,1
227,1
123,1
244,1
109,1
1,1
182,0
216,0
82,0
54,0
157,0
10,0
245,1
210,1
2,1
214,0
117,1
219,1
105,0
196,0
146,1
49,0
136,1
206,0
0,0
110,0
94,1
145,0
98,0
65,0
67,0
201,1
228,0
105,0
212,1
188,1
224,1
180,0
190,1
130,0
108,0
180,1
149,0
144,1
233,0
199,0
17,1
111,0
90,1
155,0
144,0
105,1
227,1
8,1
83,0
85,1
226,0
3,0
243,0
204,1
110,0
157,1
215,0
168,0
160,1
174,1
102,1
216,1
121,1
147,0
138,0
196,0
166,0
214,1
115,1
196,1
78,1
144,0
175,0
54,1
209,1
217,1
223,1
234,0
215,0
154,1
94,0
139,1
155,1
194,1
127,1
91,0
24,1
57,1
112,1
116,0
163,0
213,0
111,0
238,1
169,0
108,0
222,1
241,0
138,0
240,1
226,0
118,1
114,0
240,1
45,1
153,0
194,1
138,0
34,1
5,1
57,0
33,1
88,0
79,1
38,0
189,1
143,1
3,0
78,0
101,1
158,0
92,0
183,0
166,1
196,1
211,0
114,1
24,1
239,0
164,1
137,0
145,0
216,1
203,0
138,1
188,1
156,1
115,0
139,0
127,0
117,0
24,0
30,1
185,1
132,1
44,1
237,1
44,0
66,0
71,0
148,1
248,1
94,0
224,1
113,1
26,1
85,0
203,1
137,1
55,0
146,0
209,1
240,1
137,1
132,0
190,0
53,0
81,1
42,1
12,0
162,0
10,0
65,0
182,1
108,1
187,1
215,1
203,1
146,0
202,1
192,0
176,0
102,0
198,0
169,1
148,1
32,1
196,1
142,1
220,1
119,1
131,0
53,0
15,0
119,1
123,0
158,1
63,0
181,1
212,0
78,0
178,1
199,0
203,1
74,0
129,1
43,1
69,1
180,1
17,0
120,0
86,1
138,0
206,1
207,0
141,0
36,1
221,1
153,0
31,1
76,0
51,1
227,0
21,1
231,0
47,1
160,1
249,1
222,0
155,1
127,0
58,0
35,0
14,0
53,1
15,0
202,1
36,0
121,0
95,0
106,0
5,1
101,1
92,0
31,0
79,0
17,0
248,1
138,1
45,0
242,0
114,0
203,1
231,0
168,0
170,0
18,1
166,0
111,1
221,1
120,0
25,0
57,1
195,1
128,0
228,1
185,1
162,1
6,0
109,1
95,1
202,1
87,1
26,1
233,1
35,1
171,1
165,1
132,1
207,0
204,1
90,1
166,0
5,0
68,1
211,1
37,0
183,0
187,0
236,1
29,0
235,1
18,1
42,1
212,0
149,1
134,1
69,0
164,1
228,1
44,1
137,0
183,0
148,0
231,1
249,1
220,0
159,0
199,1
92,1
98,1
183,0
192,0
148,1
53,0
120,1
28,1
9,1
191,0
57,0
10,0
12,1
6,0
63,0
48,1
203,0
215,1
38,1
44,0
182,0
147,0
106,0
8,1
247,1
97,1
94,0
203,0
230,0
34,0
203,0
23,0
135,1
156,1
140,0
7,1
104,1
215,0
162,0
223,1
209,0
72,0
234,1
29,0
107,1
64,0
6,0
63,1
11,1
177,0
89,0
170,1
31,0
137,1
24,1
19,0
170,1
41,1
243,1
32,0
227,0
150,1
95,1
103,0
171,1
128,0
200,1
151,0
137,1
61,1
211,1
38,0
168,0
68,1
125,1
25,0
4,0
51,0
49,0
151,0
175,1
107,0
44,0
75,1
62,0
99,1
141,1
2,0
149,1
1,1
72,0
141,1
101,0
30,1
179,1
129,1
200,1
152,0
157,0
238,0
191,0
145,0
128,1
225,1
38,0
1,1
163,1
16,1
247,1
224,1
102,0
168,1
6,1
0,1
159,0
39,0
90,1
73,0
240,0
217,0
227,0
89,1
165,0
97,1
19,1
20,0
233,0
194,1
201,0
23,1
71,1
188,1
181,0
204,0
229,0
13,1
227,1
152,0
133,1
169,0
96,1
80,1
55,1
30,0
203,1
121,1
55,0
68,0
152,1
44,0
169,1
5,0
183,1
225,0
119,0
40,0
144,0
171,0
7,0
119,0
170,0
26,0
94,0
181,1
99,0
219,0
173,0
26,1
156,0
56,1
39,0
156,0
202,0
193,0
44,1
36,1
183,1
225,1
183,1
50,0
235,1
19,1
233,0
50,0
103,0
192,0
49,0
155,0
109,0
228,1
49,1
40,0
28,0
178,1
69,1
184,0
93,1
174,1
28,0
71,1
119,0
89,1
192,0
216,0
195,1
233,1
112,1
32,1
144,1
138,0
199,1
22,0
39,1
168,0
204,0
186,0
96,1
108,0
90,0
30,1
163,1
173,0
12,1
98,1
74,0
244,0
63,1
82,1
205,1
1,0
240,0
17,0
82,0
17,0
183,0
242,0
43,0
41,1
190,1
215,1
180,0
47,1
83,0
30,0
50,1
241,0
60,1
141,0
243,1
240,1
169,0
149,1
74,1
6,1
199,0
177,1
26,0
201,0
68,1
131,1
157,0
249,0
141,0
241,1
132,0
124,1
97,0
68,0
132,0
172,1
18,1
107,1
130,1
150,1
197,0
61,0
229,1
69,1
9,0
133,0
154,1
207,1
60,0
163,1
228,0
133,0
142,1
235,1
142,0
188,0
107,0
218,0
103,1
177,1
20,1
119,1
171,1
5,0
5,0
15,0
96,1
37,0
130,1
213,0
16,0
190,0
101,1
101,1
146,1
174,1
215,0
80,0
223,1
247,0
24,1
65,1
198,0
66,1
206,1
86,0
59,1
88,0
132,0
225,1
46,0
202,1
154,1
241,1
217,0
178,1
7,0
51,1
222,0
168,1
219,1
133,1
154,0
154,0
117,0
166,1
129,1
33,0
103,1
16,0
25,0
245,1
151,0
33,1
172,1
191,0
176,0
43,1
110,0
20,0
25,0
179,0
174,1
244,1
90,0
245,0
57,0
239,1
21,1
79,1
104,1
149,1
218,1
20,0
68,1
35,0
244,0
74,1
24,0
212,1
35,0
146,1
135,1
23,1
78,1
80,1
91,0
246,1
26,1
178,0
171,1
110,1
97,0
186,0
95,0
59,0
221,0
58,0
0,1
105,0
182,1
175,0
24,1
198,1
132,0
205,0
74,1
225,0
234,0
157,1
78,0
18,1
158,0
135,0
53,1
179,0
153,1
245,0
99,0
194,0
133,1
123,0
235,1
127,1
198,0
201,1
248,1
75,0
232,0
39,0
54,1
87,0
5,1
39,0
139,0
169,1
79,0
213,0
9,1
233,0
116,1
46,0
7,1
64,1
25,1
152,0
207,1
24,0
134,0
217,1
52,1
8,1
239,0
107,0
26,1
216,1
208,0
235,1
45,0
139,1
234,1
135,0
209,1
182,0
16,1
186,1
44,1
105,1
84,0
76,0
72,1
146,1
13,1
208,1
226,0
27,1
33,1
13,0
81,0
0,0
135,1
233,1
172,1
193,0
74,0
76,0
151,0
204,1
81,0
150,0
119,0
32,1
132,0
83,1
72,1
147,0
207,0
55,1
220,0
52,0
0,1
87,0
99,1
137,1
230,1
49,1
127,1
87,1
25,1
231,0
180,1
97,1
96,1
171,1
15,0
29,1
220,1
3,0
236,1
45,1
193,1
151,1
73,0
236,0
169,1
156,1
117,1
102,1
241,1
240,0
41,1
104,1
248,1
71,1
197,1
237,0
168,1
177,0
191,0
93,1
127,0
5,1
68,1
95,1
16,1
147,1
166,0
15,0
29,1
212,0
98,1
241,0
80,1
171,0
125,0
170,1
161,0
143,1
228,0
244,0
28,0
204,0
26,0
181,1
129,1
243,0
135,0
69,0
188,0
162,1
74,0
184,1
121,1
152,1
184,1
121,0
136,0
133,0
39,0
58,0
163,0
189,0
24,1
17,1
176,0
248,1
83,1
13,1
117,1
106,1
230,1
124,0
148,0
106,1
102,1
116,1
52,1
178,0
167,0
95,0
115,1
139,1
58,0
80,1
19,1
203,1
150,1
174,1
246,0
201,0
170,1
247,0
8,0
26,1
184,1
213,1
234,1
204,0
130,0
85,1
93,0
124,1
201,0
216,0
120,1
209,1
172,0
108,0
13,1
48,1
177,1
19,0
47,1
85,0
243,1
208,0
71,0
199,1
22,0
229,1
27,1
239,1
101,1
82,0
97,1
120,1
29,1
55,1
193,1
127,0
121,0
131,0
218,1
140,0
237,0
94,1
113,1
133,1
204,0
219,1
17,1
244,0
62,1
110,1
169,0
71,0
96,0
72,0
4,1
79,0
189,0
29,1
74,0
212,1
227,0
93,0
59,0
27,0
122,1
22,0
44,0
229,0
52,0
209,0
65,1
232,0
91,0
180,0
29,1
115,0
74,1
145,1
126,1
5,1
222,0
61,0
152,0
121,1
48,0
118,1
210,1
93,0
149,1
8,1
222,0
93,0
58,1
202,0
70,1
243,0
205,0
39,0
194,1
89,0
133,1
231,1
113,0
2,1
165,0
46,0
161,0
129,1
249,1
202,0
162,0
33,1
137,0
176,1
2,0
90,0
215,1
125,0
106,0
77,1
158,0
71,0
121,1
94,1
123,1
153,1
145,1
198,1
26,0
172,1
65,1
56,0
243,0
44,1
169,1
185,0
137,1
187,0
222,1
0,0
51,0
215,0
101,0
207,0
180,1
237,0
122,1
8,1
130,0
220,1
160,1
100,0
166,1
28,1
36,1
227,1
173,1
19,1
129,1
71,1
217,1
206,1
241,1
140,0
33,1
51,0
27,1
188,1
22,0
218,0
117,0
224,0
194,0
222,1
159,1
225,0
59,0
17,0
8,0
116,1
207,1
226,1
48,1
172,1
57,1
40,1
230,1
80,1
35,1
164,0
7,1
161,0
126,1
112,0
93,0
125,0
238,1
134,1
207,0
119,0
234,0
71,1
29,1
128,1
147,1
67,0
121,1
88,1
242,0
224,0
148,0
32,0
50,1
71,0
42,0
116,1
34,1
176,1
246,0
34,0
117,0
134,0
101,0
34,0
77,1
154,1
122,1
4,0
143,1
66,1
229,0
73,0
241,1
193,0
17,0
167,1
243,1
14,0
235,0
5,0
37,1
94,0
141,1
114,0
31,0
124,0
136,0
3,1
116,1
57,0
77,0
44,1
14,1
222,0
10,0
155,0
156,0
82,1
78,0
61,1
222,1
97,1
55,0
126,1
9,0
67,1
14,0
135,0
72,1
135,1
73,0
80,1
134,1
174,0
5,1
185,0
14,0
40,0
237,1
229,1
142,1
190,0
68,0
76,1
171,0
232,0
187,1
238,0
1,0
25,0
31,1
108,1
116,1
141,0
100,1
45,1
49,1
167,1
58,0
114,1
54,0
130,0
26,0
11,1
53,0
220,0
179,1
60,1
214,0
133,1
119,0
8,0
48,0
16,1
173,0
173,1
21,0
235,0
95,0
156,0
214,0
14,0
80,0
124,0
14,0
157,1
204,1
205,1
42,1
120,1
95,0
102,0
222,0
148,1
111,0
89,0
50,1
132,1
99,0
102,1
109,1
63,1
246,0
189,0
47,0
78,0
193,0
29,1
191,0
207,1
223,0
62,0
94,1
3,1
210,0
110,1
201,1
14,1
66,0
53,0
123,1
165,1
128,0
227,0
86,1
10,0
58,1
120,0
40,0
45,0
245,1
46,1
191,0
160,1
85,1
97,1
159,0
40,0
95,0
142,0
23,0
109,0
112,1
37,0
214,0
225,1
130,0
213,1
163,0
244,1
128,0
125,0
97,0
222,1
207,1
16,0
200,0
34,0
89,0
86,0
65,0
142,1
215,1
125,0
215,1
40,1
141,1
6,0
125,0
72,0
8,0
75,1
84,0
41,0
218,1
242,1
49,1
229,1
61,1
7,1
153,0
236,1
48,0
124,1
89,1
65,1
111,0
235,1
180,1
178,0
115,0
133,1
93,1
91,1
230,0
179,1
164,1
62,0
40,1
245,0
181,1
183,0
199,0
237,1
22,1
83,1
16,0
40,1
243,0
183,0
121,1
193,1
126,0
83,0
145,1
41,1
62,0
144,1
140,1
204,0
22,0
34,1
17,0
63,1
52,1
179,0
51,0
85,1
202,1
172,0
162,0
100,0
208,0
209,1
202,0
221,0
69,1
209,0
111,0
62,1
168,1
81,1
55,1
212,1
153,1
4,1
148,1
226,0
20,0
194,0
229,0
154,0
184,0
149,0
165,1
133,0
125,1
213,0
212,0
64,1
149,0
226,0
173,1
71,0
56,0
208,0
155,0
126,1
222,0
142,1
25,0
43,1
173,0
89,0
100,1
134,1
121,0
62,1
117,0
41,1
14,1
140,1
240,0
103,1
229,1
98,1
54,0
208,1
94,0
84,1
170,1
249,0
104,1
20,0
155,1
115,1
213,1
33,0
198,1
110,1
80,0
192,1
84,0
120,1
227,1
60,0
127,0
84,0
212,0
137,1
175,0
205,0
239,0
103,0
206,1
189,1
112,1
105,0
115,0
75,1
195,1
70,0
206,1
91,1
167,1
195,1
88,0
196,1
138,0
176,0
137,0
99,1
230,0
235,0
57,0
59,0
23,1
159,1
97,1
69,0
223,0
86,1
185,1
249,1
208,1
37,1
112,0
57,1
224,1
221,1
115,0
115,0
32,0
175,1
41,0
109,1
81,1
147,0
202,0
67,0
57,1
127,0
38,0
13,1
39,1
140,1
129,0
67,1
194,1
247,0
230,0
112,1
79,0
90,0
193,1
125,1
69,1
30,0
131,1
165,0
129,1
125,1
85,0
244,0
158,0
19,1
68,1
39,1
242,1
41,1
72,0
249,1
148,0
82,0
33,1
232,0
180,0
198,0
108,0
179,1
105,0
133,1
182,1
60,0
226,0
166,1
37,1
216,0
206,0
10,1
242,0
238,1
223,0
80,1
30,0
94,0
112,0
166,0
192,0
124,0
114,0
219,1
88,1
64,0
165,1
162,0
176,1
223,1
54,1
26,1
59,0
173,1
150,1
197,1
240,0
43,1
51,1
59,1
128,0
238,0
37,0
190,1
45,1
74,0
139,1
73,0
76,0
153,1
57,0
123,0
201,0
73,1
190,0
191,0
62,1
29,1
102,1
229,0
6,1
90,1
233,0
208,1
149,1
12,0
214,1
135,1
230,1
55,0
229,1
245,1
56,0
194,0
160,1
246,0
116,1
221,1
113,0
73,1
110,0
101,1
112,0
153,1
62,0
187,0
84,0
237,1
48,1
188,0
122,0
154,0
42,1
131,1
206,1
168,0
37,1
31,0
38,1
82,1
138,1
3,1
41,1
159,0
119,0
34,1
121,0
200,1
233,1
69,0
67,0
154,0
160,1
188,1
122,0
58,0
213,0
198,0
35,0
85,0
30,1
164,0
60,1
71,0
156,1
138,1
7,0
19,1
90,0
176,0
82,0
164,1
196,0
47,1
72,0
244,1
71,1
205,0
238,1
88,1
56,0
137,0
241,1
58,0
59,1
10,1
149,1
201,0
6,1
79,1
6,0
208,1
200,1
154,1
100,0
59,0
202,1
178,0
131,0
113,1
50,0
63,1
199,1
203,1
126,0
30,0
122,0
75,0
178,0
34,1
174,0
119,1
10,1
109,1
2,0
167,0
216,0
238,0
108,1
134,0
26,0
145,1
115,1
88,1
183,1
89,0
122,0
240,1
116,1
46,0
149,0
202,1
186,0
198,0
51,1
129,1
109,1
144,0
77,1
166,1
32,1
219,0
133,1
183,1
131,1
158,0
20,1
64,0
107,1
157,1
162,0
191,1
34,1
118,1
182,1
49,1
198,0
136,0
95,1
204,1
158,0
64,0
99,1
227,1
213,0
204,1
17,1
44,0
220,1
70,1
89,1
88,0
9,1
189,1
193,0
42,0
76,0
28,1
241,0
242,0
158,0
12,0
86,0
133,0
12,0
197,0
94,1
9,0
237,1
31,1
217,1
120,0
92,0
202,1
139,0
61,1
234,0
36,0
189,0
122,0
228,1
39,1
240,1
160,0
83,0
223,1
112,1
66,0
156,0
65,1
43,1
61,0
18,0
19,0
14,1
111,1
44,1
75,1
65,0
248,1
100,0
100,1
219,0
54,1
69,1
88,0
32,1
222,0
57,1
136,1
226,0
119,1
93,1
153,0
205,1
207,1
172,0
25,0
60,1
31,0
171,1
249,1
201,0
205,1
13,0
137,1
137,0
188,0
1,1
155,0
164,0
5,0
8,0
95,1
93,1
209,0
62,0
129,0
97,1
52,1
31,1
14,1
87,1
113,1
102,0
239,0
124,1
20,1
190,0
85,0
159,0
141,0
98,0
218,1
175,0
1,1
143,1
193,0
164,0
58,1
7,1
150,0
187,0
170,0
168,0
184,0
32,0
75,0
186,1
37,0
14,1
37,1
18,0
6,0
153,0
219,0
111,0
91,1
20,1
242,1
12,0
147,1
6,0
51,1
60,0
146,0
176,1
73,1
154,1
246,1
145,1
168,1
71,1
238,0
149,0
11,0
144,0
209,1
102,0
18,0
166,0
59,0
27,1
169,1
235,1
248,1
148,0
152,0
219,0
170,0
144,1
209,1
115,0
208,0
53,1
91,0
47,0
63,1
141,1
237,1
10,0
170,0
80,0
175,0
48,0
227,0
143,1
126,0
0,1
161,1
179,0
48,0
220,1
173,1
56,1
28,0
126,1
183,1
211,0
142,1
27,0
236,0
96,1
117,1
186,0
142,0
195,0
163,0
161,0
100,0
22,1
106,1
150,0
185,1
69,0
34,0
115,0
158,1
198,1
118,0
178,1
14,1
101,0
68,0
20,1
159,0
17,1
152,0
55,1
54,0
80,0
191,1
218,0
92,1
109,1
161,0
140,0
197,0
106,1
106,0
193,0
139,1
130,1
196,0
118,0
69,0
122,1
189,1
218,1
152,0
19,0
39,0
101,1
100,1
77,0
157,0
77,0
93,1
68,1
68,1
25,1
208,1
197,0
142,0
184,0
17,1
169,1
9,0
190,0
52,0
227,0
192,1
249,1
197,1
37,0
241,0
210,0
20,1
204,1
47,0
192,0
219,0
194,0
207,0
55,0
88,1
57,0
184,0
126,0
51,0
10,0
105,1
196,0
237,1
150,0
125,0
16,1
240,0
117,1
8,1
231,1
27,0
125,1
121,1
239,1
77,1
3,0
56,1
216,0
131,0
110,0
82,0
12,0
104,0
10,0
190,1
34,0
79,1
41,0
172,1
183,1
185,0
196,0
238,0
96,1
46,1
131,1
101,0
45,1
21,1
61,0
2,1
164,1
214,1
163,1
128,0
194,0
167,0
108,0
101,1
162,1
82,1
231,1
0,1
106,0
243,1
73,0
141,1
48,1
145,0
89,1
118,1
217,0
211,0
114,0
53,1
101,1
59,0
82,1
87,0
22,0
20,0
50,0
125,0
138,1
108,1
68,0
113,1
170,1
206,0
57,1
67,0
57,1
34,0
177,1
87,0
168,1
86,0
109,0
180,0
39,1
83,0
140,0
140,0
105,1
116,0
132,1
69,0
62,0
45,1
22,0
95,0
95,0
203,1
164,0
174,1
221,1
209,0
11,1
142,1
62,1
178,0
58,1
48,0
46,1
104,0
10,1
203,0
171,1
177,0
107,0
229,1
123,0
134,0
178,1
210,1
76,0
248,0
217,0
163,0
188,1
7,0
236,0
176,0
231,0
229,0
97,0
138,1
234,0
44,1
152,0
126,1
93,1
122,1
48,0
212,1
190,0
162,0
228,0
230,1
189,0
187,0
234,1
232,0
88,0
43,0
184,1
84,0
192,0
101,1
183,1
132,0
105,0
148,1
89,0
94,1
105,1
182,1
4,1
52,1
236,0
161,0
119,0
1,0
101,1
212,0
20,1
37,1
31,0
107,1
8,1
168,0
48,1
13,1
14,0
144,0
50,0
125,0
223,0
74,0
47,0
191,1
77,0
190,1
46,0
86,0
141,0
0,1
215,0
192,0
176,1
105,0
32,0
139,1
89,1
242,0
59,0
241,1
218,1
198,1
102,1
160,0
116,1
64,1
39,0
63,0
8,1
126,1
131,0
84,1
214,1
213,0
249,0
132,1
28,0
154,0
123,1
171,1
193,1
134,0
180,0
142,0
242,1
55,1
182,0
31,1
111,1
83,1
56,0
128,1
13,1
174,1
148,0
42,0
136,1
181,1
125,0
14,0
158,0
175,0
45,0
215,0
126,0
239,0
224,1
109,1
214,0
129,0
66,1
174,1
32,1
219,0
228,0
214,0
38,1
51,0
75,1
41,1
236,0
144,1
33,1
198,0
108,1
31,0
176,1
62,1
229,1
27,0
108,0
197,1
96,1
167,1
217,1
137,0
84,1
165,0
130,0
141,1
193,1
146,1
166,1
236,1
243,1
74,1
66,0
45,1
30,0
12,1
141,0
48,1
149,0
52,0
3,1
48,1
89,0
187,1
52,0
153,0
2,0
246,1
239,1
232,1
155,0
78,1
185,1
12,1
70,0
37,0
79,1
233,0
242,1
113,1
174,0
248,0
187,0
143,0
28,1
118,0
38,1
46,1
217,1
58,0
245,0
101,1
80,0
115,0
63,0
12,0
159,0
153,1
92,1
98,1
43,0
170,1
202,0
66,0
15,0
190,0
98,1
32,0
50,0
58,1
134,1
9,1
115,0
187,1
99,0
84,1
77,0
183,0
166,0
235,0
152,1
184,0
111,1
97,0
212,0
106,0
40,0
219,1
27,0
201,0
33,1
153,0
247,1
89,1
193,1
206,1
156,1
43,0
100,1
137,1
37,0
5,0
58,1
69,0
99,0
119,0
77,1
171,0
227,1
144,1
2,1
245,0
12,1
144,1
166,0
232,0
47,0
202,0
158,1
3,1
104,1
227,0
25,0
54,0
206,0
70,0
65,1
41,1
143,0
213,1
117,1
12,1
73,0
199,1
42,1
2,1
191,1
54,0
163,0
76,1
38,0
226,0
57,0
38,1
26,1
4,1
174,1
127,0
40,1
103,1
123,1
104,1
79,0
188,1
122,0
192,0
223,0
244,0
188,0
90,1
129,1
172,0
212,0
19,0
1,0
15,0
180,1
194,1
172,1
186,0
113,1
58,1
2,1
67,0
17,1
248,0
221,0
141,1
57,0
195,0
216,1
178,1
130,1
149,0
67,0
98,0
84,0
149,0
227,1
55,0
148,0
104,1
8,1
33,0
120,0
218,1
247,0
168,1
84,1
64,1
121,0
92,1
35,1
173,0
233,1
244,0
237,0
121,1
30,1
143,1
157,1
49,1
189,1
70,0
103,0
81,0
230,0
236,0
246,1
88,1
11,0
14,1
166,1
210,1
17,0
66,0
37,1
24,0
62,1
106,0
23,0
88,1
193,0
165,0
180,0
109,1
59,0
176,0
63,0
38,1
179,1
45,0
207,0
22,1
62,1
76,0
232,1
62,0
47,1
60,0
127,1
132,0
99,0
75,1
1,1
97,1
66,1
136,0
112,0
229,1
165,0
42,1
246,0
221,1
61,1
241,0
13,1
111,0
245,0
224,1
236,1
76,1
183,0
239,0
44,0
164,0
207,0
242,0
214,1
234,0
122,1
70,0
113,1
95,1
249,0
13,0
25,1
18,1
97,1
190,0
170,0
111,0
92,1
9,0
189,0
131,0
38,0
103,0
60,0
207,0
68,1
31,1
245,0
6,1
145,0
52,0
223,1
246,1
232,1
215,1
202,1
119,0
203,1
92,1
80,0
164,0
55,1
195,1
153,1
235,0
81,1
237,0
136,0
177,0
15,1
43,0
51,0
189,1
210,0
158,0
29,1
7,1
4,0
131,1
36,0
179,0
107,0
156,1
155,1
99,0
40,0
195,1
174,0
236,1
133,0
201,1
212,1
131,1
159,0
93,0
114,1
165,0
135,1
13,0
55,0
3,0
17,0
60,0
79,0
177,0
154,1
97,0
187,1
107,1
25,0
23,0
176,1
65,0
18,1
10,1
222,0
8,1
28,0
127,1
31,0
35,1
107,0
158,0
172,1
112,0
231,0
53,0
195,0
195,0
227,1
225,0
4,1
21,1
65,1
237,1
84,0
58,1
26,0
200,0
114,1
218,0
40,0
166,0
159,1
248,1
198,0
178,1
169,1
155,1
108,0
117,0
153,0
70,1
81,0
123,0
151,1
204,1
40,1
70,1
115,1
94,0
117,1
5,1
96,0
222,0
155,1
191,1
74,0
90,1
229,0
236,1
81,1
126,1
185,0
22,1
91,0
221,1
210,1
0,0
211,1
88,0
223,0
139,0
205,1
121,0
61,1
206,0
136,0
98,0
98,1
119,1
161,1
222,0
147,1
138,0
43,0
125,0
179,0
229,1
66,0
221,1
231,1
89,0
67,1
33,1
88,0
208,1
205,0
8,0
246,0
29,0
83,0
145,0
9,0
175,0
2,1
69,1
169,1
182,1
91,0
102,0
225,1
188,1
171,0
4,0
55,0
231,0
69,0
116,0
5,0
224,1
192,0
125,0
80,1
219,0
145,1
39,0
216,1
73,1
111,0
5,1
249,0
125,1
90,1
48,1
4,1
61,0
188,1
76,0
109,1
86,1
45,1
134,1
113,0
114,0
173,1
74,1
239,0
1,0
148,0
35,1
145,0
246,1
44,1
191,0
102,0
168,0
138,0
181,0
15,0
174,0
18,0
99,1
183,1
112,0
51,1
117,0
24,0
174,0
117,0
36,1
129,0
24,0
31,0
230,0
120,1
32,1
106,0
29,1
187,0
86,1
131,0
117,0
82,0
95,0
209,0
138,0
114,1
71,1
4,1
204,0
21,1
130,1
29,0
197,0
41,0
128,1
31,1
218,0
88,0
157,1
152,0
95,0
35,1
247,0
232,0
98,0
119,1
111,0
202,0
88,1
133,0
50,0
163,1
27,1
245,0
185,1
181,0
20,0
218,1
130,0
6,0
196,1
66,1
53,1
43,1
160,0
106,0
109,0
169,0
90,1
219,0
106,1
137,0
141,0
165,1
55,0
248,0
185,0
234,1
238,1
223,0
197,1
180,0
91,1
153,0
199,1
201,1
182,1
138,1
205,0
189,0
112,0
39,0
126,0
160,0
112,1
83,0
103,1
64,0
213,1
247,0
124,0
15,1
185,0
69,1
229,1
108,1
1,0
213,0
142,0
9,1
211,1
218,0
156,0
203,0
0,0
15,1
208,0
46,1
196,0
216,1
16,1
244,1
84,0
177,1
100,0
24,0
50,0
227,0
242,0
166,1
24,1
223,1
32,1
72,1
47,1
187,0
123,1
52,1
204,1
132,0
2,0
177,1
43,0
128,1
220,1
226,1
191,1
173,1
23,0
164,1
86,1
175,1
46,0
145,0
152,0
47,1
164,1
42,0
155,0
63,1
117,1
14,0
141,1
81,1
21,1
231,0
42,0
211,0
235,1
247,0
14,0
203,0
55,1
15,0
59,0
114,1
219,0
48,0
198,1
85,1
182,1
176,1
28,1
115,1
181,0
147,0
102,1
233,1
113,0
199,0
54,0
21,0
189,1
238,1
30,0
191,0
175,0
85,0
50,1
68,0
244,1
144,0
91,0
215,1
80,0
235,1
160,1
113,0
158,0
206,1
56,0
188,0
197,0
183,1
64,0
216,0
223,1
73,1
18,0
63,1
7,0
247,1
130,1
158,0
171,0
144,0
173,0
82,0
70,0
76,1
13,0
34,1
142,0
109,1
172,0
128,0
10,1
95,1
247,1
161,1
14,1
223,0
86,1
59,1
69,1
41,0
155,0
139,0
120,0
85,1
23,1
221,0
175,0
171,1
181,1
167,1
107,1
28,0
121,0
210,1
151,1
212,1
44,0
176,1
113,0
52,0
241,0
11,0
167,1
88,0
184,1
34,1
53,1
56,1
94,0
30,0
49,1
190,1
116,0
64,1
61,1
234,1
40,0
61,1
80,1
95,1
159,1
167,1
111,1
58,0
124,0
130,0
77,0
49,0
74,1
222,1
19,1
125,1
27,0
136,1
237,1
69,0
117,1
161,1
167,0
184,1
36,0
123,0
227,1
87,0
230,0
73,0
178,0
82,1
248,1
184,1
216,1
94,0
90,0
139,0
133,0
129,0
84,1
244,0
205,1
183,0
0,1
181,0
224,0
129,0
149,1
81,1
200,0
68,0
103,1
63,1
242,1
156,0
73,0
115,0
240,1
44,0
213,0
187,1
215,1
86,1
13,0
226,1
186,1
143,1
228,1
139,1
113,0
150,0
245,1
39,1
38,1
239,1
189,1
136,0
147,0
233,1
231,1
210,1
58,0
127,1
243,0
128,0
196,0
41,0
178,0
155,0
197,1
220,1
33,0
157,0
119,1
245,0
241,0
2,1
137,1
48,0
47,0
108,0
25,1
67,1
127,1
167,0
70,1
206,0
110,1
25,0
109,0
112,0
78,1
165,1
17,1
59,0
205,0
209,1
87,1
75,0
40,1
198,1
168,0
216,1
134,0
28,0
134,1
13,1
101,0
159,1
20,0
145,1
18,0
16,1
211,1
175,1
71,1
215,0
168,1
238,1
49,1
138,1
127,1
216,1
148,0
61,0
129,0
112,1
11,1
205,1
75,1
123,1
106,0
99,0
191,1
169,0
96,0
171,0
192,1
12,1
65,0
4,1
87,0
78,1
49,0
147,0
12,0
111,0
136,1
22,1
155,0
105,1
133,0
124,0
65,0
128,0
150,1
144,0
234,1
18,1
231,0
249,0
124,1
135,1
87,1
99,0
51,0
92,1
205,0
190,1
208,0
4,0
36,1
107,0
182,0
132,1
139,1
68,0
43,0
84,0
63,0
98,1
178,1
245,1
20,1
3,0
198,0
12,0
131,0
36,0
52,0
33,0
228,1
244,1
185,1
26,1
106,0
15,1
157,0
110,0
45,0
179,1
11,1
144,1
216,1
19,1
249,1
22,0
4,0
12,1
27,1
225,1
209,0
34,0
13,1
76,0
156,0
28,1
131,0
72,1
54,0
156,1
107,1
79,0
12,1
140,1
221,0
177,0
158,0
213,1
148,1
33,0
170,0
123,0
54,1
52,1
209,0
150,0
199,1
82,1
58,0
145,1
115,1
212,1
199,1
208,0
36,1
231,1
12,0
193,0
60,1
239,1
205,1
75,0
85,0
226,1
3,0
31,0
92,0
86,1
200,0
31,1
18,0
45,0
195,0
75,1
90,0
15,0
5,1
74,1
29,1
95,1
121,0
102,1
113,0
212,0
41,0
89,1
121,0
230,1
120,0
118,0
225,1
172,0
185,1
186,1
161,1
110,0
195,0
91,0
213,0
197,0
41,1
35,0
21,0
173,0
34,0
230,0
50,1
18,0
203,1
46,1
55,1
190,1
50,0
5,1
55,0
49,0
223,1
46,0
232,0
85,0
90,1
218,0
9,1
234,0
112,0
125,1
104,0
193,0
16,0
150,1
150,1
40,1
193,1
23,0
81,0
128,1
148,0
154,1
28,1
100,1
197,1
193,1
22,0
12,1
187,0
94,1
93,0
198,1
111,1
234,0
95,1
53,1
242,1
238,0
116,0
227,1
77,0
195,0
157,1
55,1
136,1
214,1
56,0
220,1
186,0
136,1
21,1
35,1
47,1
60,1
161,1
235,1
170,0
225,1
23,0
243,1
15,1
2,0
92,0
165,1
144,0
81,0
195,1
73,0
137,1
221,1
198,1
13,1
143,1
122,0
38,1
120,0
81,1
96,0
150,1
219,1
154,0
248,0
29,0
119,0
17,1
41,0
100,0
146,0
73,1
40,1
20,1
115,1
67,1
190,1
213,0
36,0
214,0
174,0
70,1
31,0
65,1
106,1
228,1
120,1
234,1
114,0
78,1
123,1
11,0
40,1
38,0
87,0
176,0
11,1
168,1
220,0
194,0
39,0
40,0
66,0
84,1
161,0
191,0
86,1
120,0
77,1
73,1
141,1
2,1
42,1
157,1
23,1
125,1
67,0
0,0
178,0
22,1
47,0
210,1
61,1
4,1
76,0
200,0
68,1
111,1
221,0
129,1
31,1
180,1
27,1
96,0
151,0
23,1
173,1
0,1
2,0
241,1
48,1
168,1
71,0
175,1
188,0
21,1
202,1
199,0
162,0
217,1
33,0
118,0
54,1
182,0
184,1
248,0
70,1
111,0
98,0
154,1
229,0
29,0
202,1
96,1
177,1
243,1
142,1
89,1
242,1
238,0
212,0
5,0
113,1
72,1
14,1
196,0
122,1
32,1
114,1
29,0
178,1
218,0
227,0
29,1
182,1
120,1
155,1
76,1
1,0
76,1
236,0
49,1
120,1
217,0
71,0
130,0
151,1
112,1
217,0
75,1
170,1
83,1
228,0
201,0
78,1
159,1
196,1
56,1
169,1
0,0
158,1
231,1
27,1
104,1
85,0
212,1
79,1
205,1
195,0
241,1
3,1
100,0
234,1
77,0
211,1
136,0
50,1
0,1
230,0
84,0
152,1
43,1
187,1
185,0
115,1
36,1
180,0
117,0
87,0
75,0
155,1
140,0
153,0
106,1
171,0
240,1
165,1
21,0
190,1
148,1
124,0
94,1
167,0
217,0
229,0
173,0
194,0
159,1
46,0
167,1
43,0
211,0
98,0
240,0
77,0
118,0
185,1
199,0
72,0
21,0
142,1
179,0
91,0
213,0
202,0
248,0
122,0
164,1
39,1
143,0
204,1
16,1
65,1
122,1
86,0
181,0
70,0
65,1
57,0
94,0
151,0
149,0
109,0
249,0
27,0
129,0
221,1
83,1
248,0
190,1
226,1
10,1
162,1
225,0
224,1
151,0
231,1
11,0
212,1
60,0
236,0
139,0
213,1
151,1
179,1
87,0
14,1
92,0
43,1
113,0
28,1
50,1
134,0
56,0
177,1
135,1
22,1
3,0
0,0
78,1
151,1
106,1
92,0
133,1
103,0
16,0
192,1
145,1
239,1
26,0
120,1
188,1
95,1
190,0
53,1
241,1
195,1
205,1
112,0
40,1
8,0
82,1
106,0
22,1
246,0
232,0
193,0
153,1
117,1
94,1
31,1
7,0
17,1
47,0
87,1
142,0
225,0
17,0
186,1
28,1
85,1
32,1
220,0
163,0
9,1
26,0
27,1
135,0
105,0
116,1
221,0
224,0
27,0
165,1
157,1
47,1
237,0
147,1
47,0
100,0
135,1
178,0
217,0
247,1
224,1
197,1
83,0
108,1
169,0
182,0
93,1
96,1
219,1
231,1
119,1
189,1
175,1
158,1
235,1
214,1
73,1
103,1
82,1
54,1
129,0
130,1
110,0
84,0
149,1
228,0
96,0
75,1
37,1
240,1
29,0
49,1
177,0
36,1
232,1
235,1
218,1
32,0
10,1
62,1
215,0
193,1
239,0
37,0
115,1
38,1
194,0
143,0
9,0
122,1
66,1
12,0
248,0
110,1
4,1
78,0
137,0
97,0
83,0
1,1
68,0
191,0
237,0
64,1
101,0
54,0
147,1
224,0
200,0
66,1
79,1
244,0
125,0
16,1
128,1
82,1
3,0
38,0
189,0
128,1
225,0
123,1
221,1
75,0
60,1
185,1
208,1
74,1
43,1
85,0
153,1
92,1
209,1
208,0
19,1
63,1
167,0
167,0
123,0
88,1
116,0
16,1
146,1
90,0
211,0
127,1
7,1
131,1
136,0
83,1
147,1
41,0
63,1
53,0
87,1
211,1
181,1
162,1
194,1
53,1
65,0
54,0
119,1
105,0
227,0
4,1
163,1
236,0
181,1
144,1
234,1
24,0
35,1
83,0
66,1
41,1
72,0
107,1
210,0
30,1
224,0
168,1
96,1
138,0
115,0
13,1
73,0
65,0
21,0
72,1
230,1
83,1
23,0
41,0
18,1
143,1
135,0
189,0
54,1
220,0
84,1
249,0
101,0
36,1
76,0
93,0
50,1
67,1
226,0
130,1
98,0
134,0
188,1
135,1
247,1
162,0
150,1
126,1
181,0
236,1
237,1
147,1
67,0
93,0
27,0
236,0
6,0
50,0
113,0
77,1
176,1
14,0
246,1
139,0
175,0
115,1
231,0
34,0
89,0
47,1
28,1
33,0
86,1
157,0
180,1
207,1
147,0
191,1
5,1
7,0
156,1
241,0
73,1
145,1
168,1
213,1
220,0
216,0
34,1
19,0
51,1
197,1
23,0
234,1
15,1
118,0
226,1
110,1
45,1
206,1
10,1
64,0
226,1
23,0
95,1
31,1
76,0
139,0
134,0
